{
  "LSTM_Baseline": {
    "display_name": "Stacked LSTM",
    "results": {
      "FD001": {
        "rmse": 16.184988021850586,
        "score": 348.75213623046875
      },
      "FD002": {
        "rmse": 24.98519515991211,
        "score": 4677.0966796875
      },
      "FD003": {
        "rmse": 20.080459594726562,
        "score": 1260.635009765625
      },
      "FD004": {
        "rmse": 29.506919860839844,
        "score": 8764.29296875
      }
    }
  },
  "CNN_Baseline": {
    "display_name": "1D-FCLCNN",
    "results": {
      "FD001": {
        "rmse": 19.997568130493164,
        "score": 1232.5567626953125
      },
      "FD002": {
        "rmse": 21.70716667175293,
        "score": 4222.62890625
      },
      "FD003": {
        "rmse": 20.898000717163086,
        "score": 1537.8460693359375
      },
      "FD004": {
        "rmse": 26.748937606811523,
        "score": 7472.65283203125
      }
    }
  },
  "Paper_Model": {
    "display_name": "1D-FCLCNN+LSTM (Peng 2021)",
    "results": {
      "FD001": {
        "rmse": 18.0030574798584,
        "score": 587.7715454101562
      },
      "FD002": {
        "rmse": 19.84087562561035,
        "score": 2017.1412353515625
      },
      "FD003": {
        "rmse": 16.030351638793945,
        "score": 618.253662109375
      },
      "FD004": {
        "rmse": 25.791852951049805,
        "score": 7640.24365234375
      }
    }
  },
  "SA_FCLCNN_TF": {
    "display_name": "SA-FCLCNN-TF (Ours)",
    "results": {
      "FD001": {
        "rmse": 12.55839729309082,
        "score": 236.87081909179688
      },
      "FD002": {
        "rmse": 19.595502853393555,
        "score": 3398.8984375
      },
      "FD003": {
        "rmse": 13.791271209716797,
        "score": 296.3505859375
      },
      "FD004": {
        "rmse": 24.88585662841797,
        "score": 4330.509765625
      }
    }
  },
  "SA_FCLCNN_TF_PINN": {
    "display_name": "SA-FCLCNN-TF-PINN (Ours)",
    "results": {
      "FD001": {
        "rmse": 13.510204315185547,
        "score": 272.1482238769531
      },
      "FD002": {
        "rmse": 21.16539192199707,
        "score": 3988.28955078125
      },
      "FD003": {
        "rmse": 12.506317138671875,
        "score": 238.82223510742188
      },
      "FD004": {
        "rmse": 24.656526565551758,
        "score": 4254.189453125
      }
    }
  },
  "CNN_LSTM_Attn_2024": {
    "display_name": "CNN-LSTM-Attn (2024)",
    "results": {
      "FD001": {
        "rmse": 15.977,
        "score": null
      },
      "FD002": {
        "rmse": 14.452,
        "score": null
      },
      "FD003": {
        "rmse": 13.907,
        "score": null
      },
      "FD004": {
        "rmse": 16.637,
        "score": null
      }
    }
  }
}